UID,Prediction
1844045271814558464,False
1840349097823778816,False
1488102613362294272,False
555529923942874624,False
1010213070486150912,False
1370869366423076096,False
330376665149701632,False
1927955299575152640,False
1159047042546043392,False
1554054683645373952,False
1676852773276240128,False
1335872516146736128,False
1108136757019277312,False
377730059464573952,False
1023043463617453824,False
1330300438669223424,False
616202901359100928,False
1719969690061707264,False
386429838180140544,False
163503573735491072,False
589002367753259776,False
1624159202162825472,False
1199766196625364480,False
1764959440829781248,False
2052268685839561216,False
491562678034080000,False
246407842196583680,False
1876328185836784128,False
1746196453053390592,False
1881651989321915136,False
338491284569821952,False
2170815315848952064,False
2038568716979398912,False
360728088399126784,False
2216883487142359808,False
41901781976476672,False
686905329240415232,False
677271186488669696,False
1347618836918130688,False
277237181622085632,False
760950293497113600,False
1793332393680035328,False
378300777226062080,False
1497487387535465728,False
1361051871822951424,False
338976759320870144,False
913159217280587264,False
977559178295919872,False
4523455718847744,False
755418612542844416,False
2148415844853340928,False
2276114318132676352,False
1364664850091501312,False
1301317828494920960,False
2165902075055208704,False
1964504578109983232,False
968968271427540480,False
643687902856158208,False
880512070560864512,False
363541090164015360,False
1147624798364392960,False
1084556550171344640,False
630981680482436864,False
750588968104397312,False
753316151520356352,False
651401291282062080,False
48283286553678848,False
104104763763597824,False
1022006555410851840,False
1667960557485808128,False
281465024033803776,False
466623204835317760,False
1667890319712287488,False
355187702600953600,False
72010978690933504,False
73017781092162304,False
1983657415382334976,False
1803045475808785664,False
1542787474276147200,False
1585189182442735616,False
283158534314326272,False
776958106823257344,False
1545736142455725312,False
690104310413503232,False
1023648623133010432,False
1059419707469658112,False
172370305752972288,False
1625960182977361664,False
508945422764850176,False
1292732714929350400,False
1568401440655169792,False
178982592513325312,False
1654524205726731008,False
267528823403864576,False
1968202245182248960,False
1211562213483950336,False
79638253655330304,False
2151575782020284416,False
476961624216748800,False
260349387521736704,False
581501539872343040,False
993503461442204416,False
1027248743176764416,False
165137311055199744,False
3533345089417984,False
2219158690643180032,False
1622884733306547712,False
946282649013854208,False
1129173391686272512,False
1733001364604936704,False
1695770976418940160,False
1053250217402385664,False
1235309451900303616,False
1106043396785155072,False
536647926289091072,False
1655193844786659840,False
70524933037345536,False
1748946971941687296,False
1862347666124983040,False
2166459155435334400,False
2045213614285419264,False
232521676943732992,False
998120933744423680,False
173679606965569024,False
193978920812816896,False
2188384259223079424,False
494749061666263808,False
924469824423228672,False
1205789645900100096,False
1017300487220593408,False
2006138586516131328,False
1504515443317917952,False
1312758449110271488,False
1853665487833538304,False
831943450686305792,False
423058440992274176,False
184525016858597376,False
494394538966882816,False
1060738361083155200,False
1485354231786294784,False
27778026650003968,False
733595445512232704,False
1009810557005056256,False
980610727729065728,False
1425986004904160768,False
1299080718185050368,False
790659129586450688,False
1517548316900963072,False
1566744763723807232,False
807857331159329536,False
2299982562063220224,False
1682466254565241344,False
262818253689757952,True
1828711110149331456,False
2225042256725281536,False
622528956262182912,False
59165627797842944,False
497438250372428032,False
543147287627859712,False
1706522717169469952,False
1542915090327796736,False
1702786468034978816,False
1852804617376154368,False
2185254218565037056,False
661475945407380480,False
699130775314446592,False
1094319702326647808,False
82316772319273728,False
1257631472934505984,False
960005047461166080,False
2128027764515478272,False
1498964858558017024,False
1915409893139630080,False
1866686550566867456,False
203203225286588928,False
1079224374118365440,False
352495040370550272,False
491282515200777216,False
686167439318460928,False
1128772991562473984,False
1730228398580129536,False
1968427098061617664,False
1103705131740259584,False
64416822347923968,False
2217885833231774464,False
2167250636861004800,False
2242275770800952320,False
2266126334407141632,False
1978742790369089536,False
1542987150723255040,False
2220826840750468864,False
1541506211510347520,False
634287763109782016,False
455747272314120960,False
658927248228271616,False
1458407682462294272,False
1136511026789385728,False
369494521152632064,False
811554350824050176,False
875911937319573760,False
985703639316660992,False
1546598697364653312,False
1071931400896084992,False
859790029809587456,False
1101729233274936576,False
710996461688830976,False
1808334488369959168,False
76267191862359808,False
65525965032037888,False
4694017504147968,False
1923886180780226304,False
1197145860818894848,False
974164214365749248,False
2112097526128358656,False
1108857553922843648,False
1996046924655479296,False
1774457163415345408,True
799369436986838016,False
238632024444312576,False
1805805375337737472,False
695439468080698880,False
1366152514280499200,False
1236185329967683328,False
1092117832114169856,False
359668560418249216,False
1095471509772059392,False
2067569398411365888,False
923727381447288576,False
844851999017242368,False
271709329951138048,False
1021735742394800896,False
1780711800523400448,False
1760979376639760640,False
1692057528816558080,False
979665008566428928,False
1956707341461059584,False
1395589435904622848,False
1537118247006047488,False
346696531521072640,False
1130306559398067456,False
1875137486804710144,False
2225071568855988480,False
481137149990092032,False
176738482359543296,False
1091996596998465024,False
1575762982696960,False
867914881808517376,False
2263609246266868480,False
1162345503596949504,False
973112449622264832,False
1047245250274542080,False
389689457439869696,False
932553609223981056,False
142727608983342592,False
298437344745311488,False
1443753763886688768,False
383365531420218112,False
578204289092892672,False
1918051999112010752,False
1339496044770199552,False
1971320413543310592,False
960197664632878592,False
469434130215379712,False
137232741006752256,False
1310572189214387456,False
1590459845471786496,False
1678706479318297344,False
1583539325613188608,False
895713887699915264,False
512897093755495424,False
42024856987164416,False
307987346440101120,False
600108200623927296,False
1283291081539268864,False
1450099375602815232,False
1450522311707225600,False
933406332501298944,False
133287664061047808,False
1537696291980764928,False
267862680825742336,True
1161808287495086592,False
389723577376496128,True
1025967998154655488,False
690711805734673920,False
2156857220096544000,False
958151973008656640,False
1056785467042074112,False
1747342955615616000,False
941373091366296832,False
491343422417419520,False
1236698786830748416,False
979125618094574336,False
1795076874195360512,False
1513855954166818560,False
1282134522503113472,False
1973532956395710464,False
775644317990916352,False
1358454052088393472,False
1705862605736118016,False
227879511558926592,False
1471003530858867456,False
704597655925686528,False
1043183744450066688,False
164650317271099136,False
714894275366523648,False
481709394047369216,False
1274877409512055040,False
1335707883715250944,False
747155017033112064,False
1056389670378464000,False
63391724755830016,True
1545760932050656768,False
28491158231559168,False
550394327296,False
1697432521271716352,False
87805065501789696,False
1948604219697389568,False
132779067809582080,False
1814788872886699520,False
477566301912527360,False
1325877944651719680,False
1322983359941020416,False
1970557978730942464,True
2153503211759485440,False
1989080035320784384,False
337141531512344320,False
1701077801782668800,False
175421713081416704,False
831085425744753408,False
1533606189758362368,False
358240045820402944,False
2251575376764394240,False
1146263721023452672,False
2196101646031750144,False
31653608605096448,False
1024850387904906496,False
1944878118847306240,False
1969288082010274048,False
529629084240014336,False
481869111952843264,True
290543241516236544,False
1642093341127500288,False
1743206817041144832,False
609771784425750528,False
1741871521143107840,True
68041485379800320,False
2047001899330770688,False
1054745333804595712,False
1212634582580076800,False
621142023634652160,False
146300540009963264,False
115629371313644032,False
369182682369918464,False
83303897864160000,False
487326095745811968,False
1565310553100147200,False
47303518804574976,False
1086217149794939648,False
745151203373685248,False
1056913288911452160,False
951744296514517760,False
219745800924266240,False
61177420787547392,False
1283382351637665280,False
1268777368982404096,False
441163682158526208,False
2022197626285565440,False
1832612522200082688,False
1097109381587029760,False
50941630462021632,False
1218671392260863232,False
1125400195079049728,False
1148981571467628032,False
905045499609208832,False
716807141048818176,False
588566925689350400,False
755856710790883328,False
1485539321549600000,False
1993904318856153856,False
31852519464357120,False
201069854593583872,False
1774151863644612096,False
1530263815642852608,False
2073769697603484160,False
357631218499893760,False
824052538773823232,False
602225317744710912,False
1208607403358803968,False
1915899454416908544,False
610678932246741504,False
62628817501510656,False
2015268301926306560,False
2195931359994894848,False
2151344648141044992,False
2133291169113279744,False
410541040250504960,False
2219935138183707904,False
1713016084503123968,False
267988265068359168,False
1701334406749374720,False
486209208056482816,False
579335403597350144,False
1926162375330499328,False
281674297174654720,False
551055225191462400,False
2063448227548717056,False
347093481928557312,False
1087167119986722048,False
1877754039048887040,False
819624486197395200,False
141610585603335936,False
148250719650089728,False
1038584984044814080,False
2295231378435472128,False
298459001502403328,False
1954201116755655680,False
1985723088876339200,False
14771438263879680,False
2101726116481195008,False
1290006719948531712,False
1621586841905304576,False
345236678849886464,False
1041863920391523328,False
1602236194384478464,False
2122811040502972160,False
1730329843960716800,False
841789170299227904,False
2149975519271668224,False
1497300884961507328,True
374019449051769088,False
2245187822733202944,False
1822141692483258880,False
2059278619126914816,False
149813997918102016,False
151250720853639168,False
2174573522325405952,False
1892601197776200960,False
1088772757514419712,False
178472719686493952,False
742165706131249664,False
70642620990174464,False
135116389813529856,False
1890576674690573568,False
1038132191982358784,False
675091883835590912,False
1357027664023847424,False
546285683473174016,False
634111939424370432,False
1126343800338764544,False
1086237702675472640,False
690299585164991232,False
968358156243242752,False
622845889377510656,False
1283240570604206592,False
1189069045073675008,False
1046409909683985408,False
1183563111043194880,False
418492079857292544,False
692948030481516288,False
2004655086958487296,False
1320043581099890432,False
211449060533888256,False
1402109881777965824,False
1256906467367899136,False
196616519236167680,False
1183294336381173504,False
1046403860935020544,False
1470707954426021120,False
527240873556253952,False
2073853353964937216,False
1150831429556964352,False
324009514615095296,False
1966786405693368576,True
148196270610553344,False
2056703618309611520,False
900573205755856640,False
355233178355436800,False
1742554716022156288,False
456372991495555328,False
431473245523282176,False
1287026717930930944,False
1363433550028120320,False
344243667748291584,False
1685522838290689024,False
290328879374202112,False
2079560125299755520,False
103615054270731008,False
1973386577842303744,False
2257434424903768064,False
1225743466098979584,False
2042668899120482304,False
889467386426244096,False
1875060723685155328,False
1531981801323890944,False
2085381224220439296,False
2123016103949358848,False
1978796066671472896,False
1839935552781935616,False
1191962373454537984,False
650133185414311424,False
1132934184864637440,False
1377370936081381120,False
1273026038127895808,False
768879596787112960,False
1418089960745580288,False
1967529030145009920,False
182068074254135552,False
1574433072053300736,False
744190193768740096,False
1839259069752589824,False
685237471830470144,False
1585800958149923328,False
991349090254495488,False
474395911494028544,False
192609905025518592,False
999487243567239424,False
1364934066908207616,False
1715913535985953024,False
1715012058307232000,False
363178660924118272,False
1802751576322103552,False
428777363798065920,False
929269686720225280,False
957127170514657536,False
342349138249339136,False
1167863557700556800,False
539278259637047040,False
723633952764399872,False
50303246702966272,False
2303354286849803008,False
850412378130908672,False
869101078361089280,False
1357337944514902016,False
212776028859809792,False
1528279233407632640,False
891682366044623104,False
1329744071697619712,False
89739518613854976,False
1628094089759315968,False
1799824134231566080,False
488766883345479680,False
2098183120741210112,False
2076434517306136576,False
970853045883471616,False
735444790669794560,False
271754236013052928,False
1806778725741934592,False
827475891649746432,False
1514421207185900032,False
1011843172438663936,False
2198780841317657600,False
1259049623905839360,False
1637039110958932480,False
803824817034047488,False
66248669611168000,False
1750567473280270336,False
291085314225988352,False
892942432738213632,False
2160138730894572288,False
2047961997551416832,False
650087070813940992,False
1516261444972048128,False
982927542378623744,False
1259000239056350208,False
843326311721210368,False
1242052002721511680,False
1602546018428236544,False
827866520690320128,False
1063736926653522432,True
1537307743678130944,False
1603488938429385216,False
4870608815242240,False
510740793721122048,False
862269575218179584,False
27128125449377280,False
1272829193101657344,False
1041946637479842304,False
2295362471841946368,False
257186085435745024,False
2085848677711175936,False
1412584348145452288,False
4687778214534400,False
1924488315139873792,False
435535938061322752,False
1636797172834557696,False
587653715497068800,False
447161819030821120,False
2008984631425581056,False
1359565485178118912,False
844866621794662400,False
1372793012503213056,False
2112381856626769152,False
204639153331454976,False
905412825049004544,False
675878964825784576,False
98845936818338816,False
76915713414257152,False
994627016591351552,False
637176650211507712,False
1003198499046462464,False
691501904713351424,False
1666398680173503744,False
2205894880488859136,False
795482914812992512,False
2282265912168226816,False
964474586255100672,False
836529914864939776,False
835194002936858880,False
153144724871919360,False
764423939165336064,False
1862735976901864192,False
1779093387551921920,False
1174035153404422400,False
985773847760427776,False
1043841920228590336,False
497584819411221504,False
1798554295634347264,False
1529158110558703104,False
459954664829553408,False
453038130278908416,False
193681352960409344,False
1218685611341190144,False
1116966330279417600,False
1988583632784670720,False
1789784765114133248,False
1114359102979651328,False
162445335532569856,False
690853944540715520,False
1927356052990991616,False
1399158673651082752,False
659814460673538304,False
2245080812320178944,False
1145804281140548608,False
344357447960850688,False
1846297118281332992,False
641950228230880000,False
1737084883383341056,False
1667573730879257088,False
1562824343534583552,False
91971549228382720,False
286059125116155648,False
2070168034586590720,False
1969021098742987264,False
858949957175009280,False
1003353585604944640,False
887545238499935232,False
775043054749340416,False
374292030495562240,False
1888154394956002560,False
642169456243004928,False
1637369368067892224,True
1715071585689034240,False
55782446338736128,False
2275823194826050304,False
198721514706079232,False
426535468067937024,False
1076797918324941824,False
1542094455557257728,False
1222288794552098816,False
1001736662658018048,False
1651953500779361280,False
581366580518245888,False
616096258023498752,False
1367883704361842688,False
359908419639207168,False
108713218560378624,False
1464451910264617472,False
44872552381761536,False
1248325590716149248,False
1791073514964917248,False
1080681022727374080,False
1837015160026920960,False
1031470698396381696,False
976092876743266816,False
2108966459899020032,False
1898255950791766784,False
120429924921741056,False
1332289963589067008,False
1405286886477539328,False
1836721826905826560,False
1677215850945456384,False
224275651257585152,False
1079651463546705152,False
1498463592466397952,False
308398645808829952,False
947144101510838528,False
996830107168881152,False
193037644149498368,False
8657228430574080,False
1573166888510754560,False
2037317814172488960,False
802581774448146944,False
745812668324680704,False
1713506163779505664,False
364990637651860480,False
1423750299921141248,False
1065111647206838784,False
292469796423543040,False
1950335418602921728,False
291701763654429184,False
696099831748129792,False
1975765790100139264,False
2149047050478910976,False
991280789317304064,False
1149652895225803008,False
439844842454978816,False
1945350737330072832,False
1875900948292133376,False
1579615934759917824,False
1141907045980231424,False
125546188554977280,False
1057500869823524864,False
518818092097199360,False
1818060557896639488,False
245236145666569728,False
1726784430174349056,False
1177844740590216960,False
1703472135174004736,False
434001328273620480,False
2294124009146785280,False
664770853011369984,False
372037161166484224,False
570404881828560640,False
985898230593399040,False
88616708331973632,False
727644021323207680,False
1921859950886707968,False
1290637529669411840,False
224699939223011072,False
310342167883338240,False
275527461909089280,False
1205708354526205696,False
700990577891560448,False
192700000044917248,False
1962005987152882176,False
148550379663451136,False
2063494342236360960,False
1100171431010448640,False
1171902618236695040,False
164015264960838656,False
1810088966906907136,False
1916480100082018816,False
1869296432765157632,False
2246189308219745536,False
133083510919079168,False
860864668356392192,False
323209729499350272,False
1941837377970787072,False
236650074713352960,False
1874541385956791552,False
957910613470043648,False
223738479001888000,False
456720540701244928,False
57599900396094720,False
1471927692927349760,False
1307095228018893056,False
607070703812265472,False
919366239780275200,False
1988194410618382080,False
805346916636904448,False
176768436139725824,False
1665150404927819776,False
1382132473225120768,False
282430561943194880,False
309846164286473728,False
1032050477916484096,False
62208685302094336,False
156795699945061632,False
437017361363847680,False
1947339210925908736,False
1742899323889282048,False
629367163328945664,False
665594388049152512,False
936540880759569920,False
2293952826980170240,False
1863470498642731776,False
1383835249319162112,False
2213850539712256512,False
494181745260257024,False
1120451971390804480,False
697486265974959360,False
1176864958618128896,False
325584086005621760,True
1695529297152722688,False
24722919026950912,False
75110159801630976,False
811651921139454720,False
1223333906356209664,False
2258182238856910848,False
1432956056066970368,False
664717064553559296,False
665419593791888640,False
611433227048726528,False
715170942224186880,False
1600442423144370944,False
985283467668192768,False
540530634565704960,False
39600907667229696,False
1228480622995821056,False
1260045120580384256,False
1816138262055175936,False
1877215667195459584,False
921055411179549952,False
1135730272359164416,False
477469611204161280,False
1993673061091921920,False
1880228626157166848,False
992406172203776000,False
21130318359894016,True
44677074575281920,False
284471857350923264,False
741956684816807168,False
12863846799702016,False
1940878628338990848,False
1718037080128405760,False
197656948068467456,False
1522805096473916160,False
1813197587300637696,False
1103169144151213568,False
1154063361829341696,False
1490266844040556288,True
2192703420607482368,False
1165230875519287552,False
490021733095928576,False
597078533881248768,False
1519632004313665280,False
509440651766342400,False
621995463077337344,False
271646061209283584,False
564694748449547264,False
2227072627800915712,False
1933009595057202432,False
1532146057129418240,False
726393104081333504,False
162175049329648128,False
1660055000762054400,False
491191097424070400,False
1957905008253125632,False
1133318865040483584,False
174149619077635072,False
1854182507662846976,False
462912128001478400,False
1400763004906600704,False
198349925120945664,False
601229386581752576,False
1754737719755016960,True
1871415389880030720,False
1640189765432418304,False
2155490052316931584,False
538081525529980672,False
1608084533612725504,False
88224935717999360,False
33871637443542272,False
1486956918348918528,False
167008966468000256,False
377534910299262464,False
2122822689281026048,False
1141589615731234560,False
1167188546008772096,False
362510073548821248,False
731863459550118912,False
1603997404724239616,False
1633335530172708096,False
452469086826528000,False
546999545924491776,False
1292103423416339712,False
1276710501904603392,False
1587947018755443712,False
2057952594304403968,False
2006794365969282816,False
1462113550525947136,False
1854475374532229120,False
1333684070587260160,False
2272428609681784064,False
446357458252686080,False
1088976021901700096,False
1848314961497201152,False
975284256550172928,False
1136965795721414144,False
100082201952491520,False
2249684447689257984,False
21324338268595968,False
1755421208382898176,False
733248282259323136,False
657608292827521536,False
1629673131518822656,False
2115300098299953152,False
2202424611238192640,False
1283532990523758080,False
1226284019235358720,False
1993939761172142080,False
1851697127436760320,False
16477366245581056,False
2128038452044856832,False
2010393830505201152,False
1439578513736034048,False
183160218627266560,False
544813214790076672,False
2125093581556416256,False
138747382014822656,False
2295686427686544896,False
530190741873716480,False
2117122534242546944,False
45305616877415680,False
1852159000856554752,False
1621375548570765312,False
333835752418002176,False
1105679856325302272,False
501256347711819520,False
2055316088251874816,False
1673490127597565440,False
304157944545302784,False
2264964458641524480,False
1705875671738024704,False
2137355732099644928,False
771078206645238272,False
1106574871976086528,False
657864812563062272,False
45465779147619328,False
456245588902047488,False
1892971900535695616,False
1548037777155405568,False
1957845257056630784,False
465730850571417856,False
1918505074531873536,False
1198472070974381312,False
545965621153208064,False
1502690766462382848,False
1375100750247357696,False
999637161755751168,False
1923645125099718400,False
518100721837684992,False
2144408804231846912,False
1959199135844044032,False
1884406361553778688,True
364444822651289344,False
338858879912543744,False
1951628757046091264,False
176109284357198592,False
1619465551111544064,False
321347276181250048,False
1013630885324647680,False
520617543540095744,False
2012559314666660864,False
1690998113040414976,False
595862547368113152,False
1104792523826457344,False
476879849178874624,False
1075717649793478912,False
1609762495462468352,False
467567988720943616,False
167127709738266368,False
1942960157741853184,False
1474336389020912640,False
1309576115340294144,False
1414617401227969792,False
25019730898701056,False
942223116532527872,True
952125542993627136,False
2010314005402148096,False
1379184080672545792,False
302827065934957824,False
893231561744308736,False
720860023448209664,False
1740023299133139200,False
1731072718654033664,False
1824013919286879488,False
101920994537826048,False
819114413858027776,False
1185970448009491712,False
2239385650605711616,False
823190102899186176,False
590429751054537216,False
1565917896915594752,False
1428032007537232128,False
1207119882373287936,False
1708236760345806848,False
1813101198298421248,False
1678111545280652288,False
193623826935734016,False
1908372750453142528,False
1202993409211518208,False
1899524556989076736,False
311843507126476800,False
2104753083673527552,False
1843962934020692480,False
2298067679671517696,False
434754542936684288,False
2006749527390570240,False
682441933242756096,False
993625057210535168,False
2010004381465233920,False
369491711204356096,False
1525324407528297216,False
104747458920006912,False
99141046143252224,False
345552628850527744,False
2231913372356778752,False
857264963653157888,False
1352013200965436928,False
1132177167827480576,False
1701746897058770944,False
771088423496277504,False
1384084926052644608,False
937490664792622592,False
1670720363826379776,False
1479881522747186944,False
1032539782741282304,False
1649731225184862976,False
1735233868956147712,False
671822628558084352,False
859578034007764224,False
899898657756472064,False
1872009897965145344,False
2133735398081585408,False
2246556248776775680,False
491536973101991680,False
1943573972829154304,False
2147906205660994560,False
2164923846066224640,False
1563721870925055744,False
1684073329588658176,True
131715964755409152,False
1643166171361251072,False
1275249127071723776,False
867921640948621056,False
1646823569693155328,False
805767501263211008,True
112922596198413056,True
2284731222830713088,False
1060104864064026880,False
502158311395947264,False
1845298675054376960,False
575575306960293632,False
2104469738495482624,False
250551626426939392,False
1791429494332478720,False
1621231247790019840,False
1912815180029169920,False
375809846067890688,False
373818639911270144,False
303776702236537600,False
1274821993469606912,False
299202770829532416,False
1501348141245116416,False
214732265485441536,False
2085060512267891200,False
1381391290763286272,False
1470402030151233536,False
950668979404275968,False
531669294413903360,False
1475754604114312704,False
394236889332140544,False
339360802528945920,False
727795705362441984,False
1425094239327407104,False
242776721967457536,False
1785073050780136448,False
137072219254713344,False
912505248269377536,False
58500290551974400,False
1130168910958162688,False
804344688778730752,False
362206961273355776,False
1315169520472791552,False
452878763062997760,False
465055036394857984,False
965709971268953088,False
2238982510165646080,False
1964444196334329088,False
2007256200594078720,False
526828583699416832,False
1540981690704273408,False
1349444522040055808,False
1133413096035709696,False
1291415738950243072,False
570650017829731328,False
530975783251469056,False
426450014062013184,False
933462337723223040,False
1912272449497683968,False
1705542800836068864,False
1561645830039694592,False
167423039275632128,False
550223432215526912,False
2070458083064405504,False
1530687709678357248,False
155817575847933696,False
1691481374143417088,False
1360582684776717824,True
2216133865496955136,False
1046846372007992832,False
611263349080393728,False
194578655915157248,False
1598289440411740928,False
1127172773503513088,False
257939070122003712,False
532092481111128832,False
2107524568208334336,False
973610194375191552,False
809671222692642816,False
345204484768562432,False
885110918769046016,False
755609677310647296,False
1039098749288391936,False
604414323326110720,False
1451149213308409344,False
1868774937065507584,False
903073209485206016,False
1488578702283954688,False
554616387778575616,False
2269309747602729984,False
895578190084309504,False
804168193820123392,False
170981329063857920,False
302325100836209664,False
769194567705434624,False
1418781060307105792,False
410175604479328256,True
1382933125938829056,False
1551725410102309888,False
1032920421995262208,False
878572798720548352,False
1800504364752341504,False
1588968587900062976,False
972788825869569792,False
2063612317077679360,False
1269890388127473920,False
2235813801134894336,False
672714694306087680,False
2204207392566347008,False
311765467584460288,False
395156431268556544,False
347721666595843328,False
870333422878952960,False
642711580061019648,False
336165031801238784,False
2234179083905362944,False
378828136542772224,False
1762253984987843840,False
299957795741341952,False
1351111312091545600,False
1382569777356185088,False
1080035492221748736,False
1594371354888960,False
688245945495729152,False
2056490367340703488,False
1974887667202392320,False
2225335120490632192,False
1761524687164554496,False
1737897663136374528,False
309398505844176896,False
382872964840497664,False
246531436517374208,False
1672589749058626304,False
1267851731225768960,True
1586614553152286464,False
1671399505821264640,False
1988989045984106752,False
1404725550865997312,False
2280022406996930816,False
776237582919643648,False
1477664730422325760,False
509990308222246656,False
1998439502909422336,False
1015315116505542656,False
1494638141810465024,False
1498589844534265344,False
863485303171686912,False
541679715743514624,False
832673853979475456,False
2082557810851741696,False
382829477481796096,False
2163222939573699072,False
1401834475986089728,False
372927713202759168,False
1842305563950244096,False
634074866009340416,False
1610466906573588736,False
449439190828689920,False
698523756906471424,False
291421510504129024,False
329098598974701824,False
343871052108998912,False
233429308972975104,False
2181535369179730944,False
2249378093310030336,False
1774732971617199872,False
2272255507894621696,False
901402934072836608,False
2153836916487744512,False
436393906877926144,False
1773764876660287488,False
306592185324975104,False
1439626109710780928,False
1508197882536219648,False
1074539444025650176,False
1724877104176937472,False
1692692782737814784,False
82328276969975040,False
131067622201718272,False
2239598145541924352,False
1459886518955944192,False
1071837892195299840,False
218462803964729856,False
917570550543131904,False
455100544617457920,False
1101129855798363904,False
442693413136648192,False
2212970308975624704,False
1849967626461424128,False
1667579777198068480,False
910142396541626112,False
167758073339428352,False
1546243785453356288,False
409859661154961152,False
1995019802940892928,True
1935451036149449728,False
1658779751921136384,False
1575500304739623936,False
932077481310461184,False
917395016896480768,False
738823522816752128,True
292711923594904832,False
1079732063438277120,False
2127846800321747456,False
642856192239233280,False
1585913673487657472,False
372126312075029248,False
1998582894578146816,False
312877141464997632,False
144172614790436608,False
1707840539333534976,False
2191100452307594752,False
1604558663514401792,False
703470154384606720,False
1033416137989115648,False
1871530033077021952,False
1042679905662612736,False
803623457377782016,False
1969707374514761728,False
465496280692012288,False
705380684287143168,False
1812110832172143104,False
1881650999852418816,False
1209814240882119168,False
2028658137135921152,False
1753326173243382528,False
1938554210953378048,False
1382485666790468608,False
1413999373649483264,False
1344374873953410560,False
1915013181804224000,False
1031902925538000896,False
936707064808196864,False
1893892016049295616,False
1061049589159463680,False
331942060323488256,False
1738663455786285056,False
955548803814297856,False
491112410357135360,False
1714497927770960128,False
651751771157717248,False
42190162331748864,False
1749754447388295936,False
119570753600045312,False
120270527167648512,False
1761441581994236672,False
166717398927575296,True
298113936502434560,False
747633486120273152,False
923383263429117184,False
1138459031816085504,False
1893871627544735744,False
1123875638862153984,False
470112949190961920,False
170195657270298880,False
2214082705419324416,False
1076868870418551808,False
1485188261644090880,False
664574953580921600,False
1740717221207697920,False
2118970516400076032,False
1681498178540766464,True
1626295946023634432,False
1238229486577452800,False
670624324609278208,False
2220425259144052992,False
1917769642788034560,False
1349369597851279872,False
92308384799697408,False
11400501954664704,False
1904156286920781312,False
490375646412813056,False
2171051858581012736,False
1845883933986355200,False
1154938561662929920,False
329441940961258752,False
899871367220249344,False
792044840604158976,False
2268723433135709952,False
1098602212877667072,False
1177156935575926016,False
1861257753599528704,False
1494538099660334336,False
523702583392733952,False
1571001634169876992,False
1788800692768545536,False
346664797035345664,False
1937084546883131904,False
1037822219804983296,False
2301291066637468416,False
1480566943854607360,False
243272725686567936,False
1763258452402619392,False
1282807059620024832,False
1530175817739429376,False
550743385303833600,False
821049888778529792,False
296636118621449216,False
1822337494857308672,False
1487953191196218368,False
763555348857806336,False
340957645864574720,False
282102658374551296,False
1699424421765609728,False
1301495961923492352,False
1652065324004928256,False
1877416571308329216,False
450695067030745344,False
176814795233353472,False
319101771649664256,False
2248226760995719424,False
1139702251048661504,False
834822753781537280,False
1618699664748598784,False
436122576663348480,False
2181052937088890624,False
857021134797312,False
1891517985249278208,False
1725663253084110080,False
1283172132275674624,False
1544474222136286976,False
262938690438964480,False
633186185462120448,False
2086564396015768320,False
1576213447964350720,False
1882025231513267712,False
873932890919853824,False
221263516289381888,False
1326679084352594176,False
632062311909548288,True
1950716724769580544,False
2280484330241164288,False
393854925081658880,False
920309540351253760,False
117475250334175744,False
1036472410508381952,False
1848765328227096576,False
1825426348610801152,False
502423574728702464,False
1357007348935163392,False
834796226429968640,False
955933954883769344,False
1230725572027081216,False
1962572069778135296,False
2034297888064056320,False
326713326388542208,False
1702191637413981440,False
573437381942198272,False
661593892777619968,False
1629567450665058560,False
163239262101660928,False
1076494697697259008,False
2070501021919900160,False
271344381993128704,False
744137691914884608,False
1198140021754547200,False
1398822217231693824,False
1511974434487414784,False
184599437194390528,False
1960954059727497728,False
2127216098977625088,False
680004967622790400,False
385106713208392704,False
158977742858666240,False
31684154138463232,False
1810011664511712768,False
597671668341984768,False
892852077242114560,False
1998284348894212608,False
775475424304893696,False
1846614584000608768,False
1801268383035338496,False
249772721279337984,False
32798604082707712,False
856798416689185792,False
1654999822453012736,False
998097286108553984,False
44924466958691328,False
984398927284232192,False
1966719808645614080,False
817323024780839680,False
849039922549515520,False
1894059518327118336,False
1401098169478164480,False
700581282952369920,False
706285232828799232,False
256918014219710976,False
2006225932963976192,False
923325817269559552,False
71422243174482432,False
2196313606629364224,False
1208571457217584128,False
1500982026601833216,False
1275719345708302592,False
1225237680482964480,False
806268027917168128,False
1772347727673670912,False
2131724726280509440,False
353822709609428224,False
1811547426101813248,False
1327426050069668608,False
190562291252599296,False
769077074916497920,False
1097717032091956736,False
1465185123075716608,False
396255239560200448,False
1069302976177283840,False
1498305882026237952,False
716717028519290624,False
1725187619038060288,False
1332876472637668608,False
964416914647849984,False
1841417674085507072,False
619434612285283584,False
525799275082804224,False
1288770711433912576,False
821225763785109248,False
492745442005282304,False
45606888116273408,False
1714640247997533696,False
407000225413087744,False
1481601326362775808,False
69541656704775680,False
809902927402268416,True
1462689469657632000,True
919570627162932992,False
2127859320083603968,True
2252260302841608960,False
1892425837988823296,False
1326990049796382720,False
1801554038408315648,False
1259772265555932928,False
989000422096461824,False
1828813939571998976,False
365232938646179072,False
352391286631963392,False
303889459735849728,False
2057914823131804928,False
777203640616531200,False
2101101769248777216,False
1930955851823460608,True
284174292859718144,False
1998170855477364736,False
1227981780442520832,False
2083345833094771712,False
830050311857705984,False
139472668173689088,False
2286687720943862272,False
2004994805633203200,False
1020046938778459136,False
1075694641733556224,False
1517468667401027840,False
617076451514428160,False
1979663163281872128,False
1292977459676487424,False
2203770940629059328,False
1789669574607630336,False
734281063007680512,False
146552196673632000,False
1281474708788525056,False
841152939885948416,False
1138106326387956224,False
1264030269530725376,False
657732712443467776,False
245459506232105728,False
648939685811961600,False
315355774940946176,False
1469416331924897792,False
1256738728412923136,False
1563310685192601088,False
1704988577667656960,False
209020428345291008,False
356136630761550848,False
1784751920489778944,False
1184931349229117184,False
1324787508748813568,False
7867629522096896,False
1858904752691177984,False
1178460360442868992,False
273506784996398080,False
1017611452581820416,False
497644707534489344,False
1963914511341025024,False
1855132190955578880,False
1550288609337473280,False
1479317713225004288,False
747203595767205120,False
1981083087345341184,False
406080477506992896,False
1704148256341995520,False
549385241558785536,False
1354479646295554816,False
526857066602849792,False
2082071592873259776,False
682481135578782976,False
497018934794185728,False
613907647132675072,False
1490033037702214912,False
159903011768775936,False
549896950990190080,False
2062276567294190848,False
365829429542634240,False
1984496903268629504,False
739451543099728896,False
1547956725464195328,False
1764093093503715584,False
1117056149379809024,False
197207599429842432,False
2282154320454406400,False
125388794401147136,False
1824619131234799872,False
493589662828788224,False
230407108318324736,False
703575390663756032,False
1979754062414483712,False
937530077119436544,False
495935598028940544,False
1689985589645864192,False
924127217316670208,False
1214954420201898752,False
343837350001651712,False
562029556221800704,False
1746596986763986432,False
1226662577175714048,False
280485193782816768,False
2091583394732415744,False
1475968584226851840,False
1882011670560005120,False
1576933994343995648,False
1913097762513085440,False
1992694944696653056,False
1759683535101741056,False
821964626486365184,False
252753169623889408,False
54420516057865472,False
1327606925769642752,False
206821234279820288,True
385215097783209984,False
692987039481578240,False
1122788821890680320,False
690148438623070720,False
444513783966150400,False
1856787992891356928,False
1603299264063313408,False
396986419193858560,False
542822572819340288,False
1424833121625941760,False
1881233572997946368,False
466785502710611456,False
1738081249570845696,False
213677526577169152,False
2058935324262964480,False
782488580183645184,False
2041266558191810304,False
639315082469853952,False
2060903465937402368,False
585500585167161856,False
1492299949869672960,False
731854074925323520,False
2232631532583693312,False
443690645404611072,False
431374190088545536,False
476685382425358080,False
1544323784427650560,False
498574732294276352,False
1100592888617371904,False
1185913971509989632,False
615732939186539776,False
1272425228723618048,False
2001216581688045056,False
1851318268518061056,False
1377789254627156480,True
649444893075606528,False
2031207288994173440,False
1772507233375202304,False
310896405006304512,False
1209340561838724608,False
797771955329024512,False
1708568204356278272,False
272210520801965056,False
2142637146066879488,False
865342017231689216,False
736867151352229888,False
1055909142829073152,False
184823520880727808,False
2146650523198149120,False
1422893434747757312,False
1970273080891595264,False
168786739749012224,False
1304506449674244096,False
1976871076043995904,False
354558444350423552,False
1152479738968656896,False
1753282882731040768,False
1104961241185566208,False
2280982459202335488,False
1802768173060626432,True
117730331755308800,False
1163530138993307648,False
1761318816633476096,False
52208531967272704,False
1319396657279286016,False
2070752362524092160,False
614486933072402432,False
927364179920082944,False
1300421366978202368,False
597722397398175232,False
1531458598510876672,False
1528461597975487232,False
1370428792736465408,False
300109604431632384,False
170798896704970240,False
2093402175343521024,False
290850276822686720,False
1802299662443034624,False
1297743385377593856,False
1690441381596862208,False
185783699463929344,False
1687578287146941952,False
1178427720789401088,False
2114202350846018048,False
2113285017275534336,False
2260761980181373952,False
623823806564153600,False
380196067704666112,False
1450438440400321792,False
587398091154762240,False
1037224436006757120,False
1931092535788218624,False
2131024351592719616,False
670239270762471936,False
778721917501385984,False
95081239597827840,False
1550606684099310848,False
533665366747752192,False
2080197950669961728,False
620096092138266368,False
1850045171650895872,False
1231773404965278720,False
1750991875042817280,False
1006887660547113472,False
255498198660779520,False
1388707283901351168,False
2265694623224145664,False
910221012182425344,False
585503165677991936,False
1291126238208324352,False
104436925833848832,False
1089966849864724224,False
466543927800462080,False
1650922146938649088,False
857088575390823424,False
1391136395364464896,False
1243293207496700672,False
1482045018576349952,False
1607589679822956800,False
2147236772330558976,False
2137159980678683648,True
1860621251525544448,False
1663414509144477184,False
21535606242905600,False
1815058055431016448,False
208653850253220096,False
1929681689003082240,False
1956562291146593280,False
1382388414639680000,False
608088045909605120,False
282971502870172160,False
1081800807125596928,False
1498066588015862272,False
2142383925644076288,False
1366992844205203712,False
772610155133318656,False
1727294168102021120,False
2102016731194379776,False
1209825861640311808,False
1701261690915070464,True
1825543120963572736,False
12047356483572480,False
1413363628240462592,False
292152660623441408,False
1619822812461983744,False
757248310862657024,False
1803253668127781376,False
595622850044473088,False
1645992575331516160,False
2282806818954049024,False
1304136691814935808,False
897829207664290304,False
2167042478229381888,False
1842334842146434048,False
250701901311559936,False
1722610555364689664,False
288776999517952,False
622823951145495808,False
2194412802067159808,False
1927589724275997952,False
936734627732316672,False
65569113009328384,False
1040050793862186240,False
657813792965136384,False
67825824849906688,False
1763544533548869376,False
2055996182740533504,False
1186395105069405696,False
371118173292488192,False
1042752894287279616,False
3564010415373824,False
752921346434543360,False
723271597447467008,False
1637891568720239872,False
971974593290109184,False
2032463148410346752,False
1803378247644368896,False
775150419393161472,False
70974453830900736,False
617969962234406144,False
1877047753777118208,False
543530839664641024,False
854778195862292992,False
219135105793768448,False
1330224527746050048,False
1794405747316267776,False
2277036584642261504,False
2301273294838229504,False
2199798944927136256,False
1080292328562266368,False
1363526153085794816,False
1813326119950623488,False
2114516490407885568,False
1535864076351273984,False
1892453309334790144,False
271053035210369280,False
184872581819380480,False
1126422705415421952,False
1194279385079379456,False
340968338915144192,False
1533696547242326528,False
749388216508232192,False
45885383415631872,False
162142226182479872,False
2017099394157281792,False
205206996307521536,False
531006982599151616,False
313356872055618304,False
991955389541369344,False
2129639892498953472,False
2276911035968384000,False
1832323340317894400,False
2168428592634793472,False
915949740354087936,False
1263371301318498560,False
751995412569136128,False
1336969905285821696,False
1738250866342890240,False
1666790036344513280,False
2260480938379316480,False
707389719196779264,False
1381135916281765376,False
918458773506963200,False
811124694602212096,False
1516792744769673216,False
1550293198362703616,False
887370163978951168,False
2015068277789976064,False
1714868982360298752,False
583705598032882688,False
2227593560441222656,False
454092745873037824,False
1023065647912532992,False
1970344967524224768,False
1122112402481613312,False
737626635486231040,False
1044771900858900992,False
1266324052718525184,False
894585418067354112,False
2279521883771180288,False
1254795609865475584,False
1085695294878320128,False
1172425976434108160,False
1868403214277713152,False
1734804572404635648,False
1493912880486007296,False
406891485455159040,True
44758379527509504,False
662636722090099968,False
1662666929183283968,False
2015536787924756736,False
54783018208254976,False
625917997842026496,False
321554767202216960,False
21565447209981440,False
1393269062120529920,False
1154334435621544960,False
649216682386260224,True
2199829180522725120,False
1274399210212257536,False
764964245980659200,False
792747477932417792,False
558676794964237056,False
2080003706402844416,False
2169688248589799424,False
1467962886493507840,False
1723024282347387648,False
739445869768289536,False
1226103323871855616,False
2089605141032408320,False
1275147076963201792,False
1726977412535269376,False
2153141915256526080,False
2179042741811001088,False
1166791054412820224,False
227803904455505408,False
845957450001371392,False
1187955430494722816,False
1061058993412817152,False
1331189193494867200,False
324492226116236288,False
822261572072051456,False
858029233862822144,True
347646483950545408,False
1820176900461795840,False
1252345980841380864,False
1079344071527608320,False
1616510155384194560,False
1990685859968968704,False
852336227050670848,False
1698609260203881472,False
1045272898256339456,False
1280318792173631744,False
2292663938524846336,False
1929919459239402752,False
266834203525123840,False
142909675582047488,False
1221918192841937408,False
1771867058611320832,False
183257494755336704,False
314508956913620992,False
148432875577290752,False
935916073970298112,False
1634956618729200384,False
404024873178090496,False
141597617796078848,False
1218810318409264896,False
1482192971615137536,False
432478965326522112,False
1871320295932506368,False
202194768697116928,False
248547783962708480,False
2151313124362199552,False
2127815115132966912,False
1720074565006193152,False
1869976623651629056,True
1826536437599602688,False
653057039252939264,False
962042097158991360,False
364433042447622144,False
450613680111056896,False
2161629681056388864,False
1068223716699610368,False
2109556539732895744,False
479226642679488000,False
479672797758973952,False
978434475614246912,False
1572898768299009024,False
2217988428957185536,False
236072825170271232,False
610833270284512256,False
186325213537394432,False
757689071816215552,False
1712135891905419008,False
533222293318088704,False
1746190199741824000,False
215981658825241600,False
33041026885341952,False
1802363902489337600,False
2163568569082110208,False
258647445097117440,False
1251687661571896576,False
145084823606612992,False
1356812641361203456,False
2299047867319582976,False
311673160956073984,False
1091784670275452672,False
1916508734796722176,False
636810313409373952,False
1637849410412568832,False
1027155928044986368,False
2035936897617791232,False
2282028457556659456,False
2043397889951601152,False
1461758292114500864,False
1320868966537052672,False
1080265776132655104,False
586595425278495488,False
1584645414688822528,False
1031302585196549888,False
129233507999783680,False
1455669203783827712,False
1878973493199745280,True
1983114346401723392,False
1624457079344794624,False
692128283662819840,False
2202242417061718528,False
258375901085975040,False
26431558795873024,False
1555609903850447104,False
873191132042828544,False
1750302630695336448,False
2024697027828861184,False
1583731866069621504,False
2080764138935552,False
439531581480269312,False
745078445554232832,False
562464794193625600,False
419684513095898624,False
128837198260332800,False
1444627347016443136,False
1129725858876203008,False
485495751570093312,False
927578212630425088,False
1435484355519461376,False
2182676121184825344,False
1722384032307158016,False
38778217193054464,False
90736117762814976,False
984024455764793600,False
830158226045417984,False
814188008306505728,False
425027942857486848,False
387826734142065664,False
1841408865029396224,False
1646847558078757376,False
1354110328431954688,False
1121927295213833984,False
2222199115262990336,False
1378353148430945792,False
863401143577866752,False
977998590493120256,False
1156583390710156544,False
1663870842821777664,False
1768364695451576064,False
557030660496803840,False
149890117293596160,False
1529963028000184576,False
324456655728127232,False
852240555429787648,False
903685969456838656,False
2021254821586301184,False
1092953403167958528,True
616750318785397504,False
1815717113860178176,False
1340543162181687296,False
809143589439111424,False
790963125284641024,False
621080065703590144,False
2150169842238338560,False
1978588642351161344,False
1539997290466641152,False
1314100178809451008,False
2236035017640993024,False
984974606844799232,False
1247591613595799296,False
1260018088739524864,False
1825826512674708736,False
1869030510587679744,False
429382896526629120,False
296931901238134784,False
615680546050138880,False
1806406648034816000,False
1475775219071959040,False
560172631169953792,False
206444698506010624,False
1595862360559879424,False
879889749720017664,False
242909456443720192,False
138725642700761856,False
1680321200653072640,False
